center_meal,r2_score,mape
10_1062,0.4552263026283633,0.19271777209710783
10_1109,0.8199985711883558,0.173012822419757
10_1198,0.42954012825092325,0.3036833675907546
10_1230,0.6359743717512845,0.8760666648833574
10_1248,0.6631816551954433,0.5359563850873665
10_1311,0.5786114275697221,0.220730324717264
10_1445,0.7889293738015167,0.6105340551299375
10_1543,0.5455569894033634,0.44611586525144925
10_1727,0.8770029118943592,0.18915174810722268
10_1754,0.7757321624024496,0.34683134418336614
10_1778,0.4698966551240108,0.24828384455614216
10_1803,0.6008474229562235,0.2446825207865745
10_1878,0.7526384388616735,0.3169473446284665
10_1885,0.40811309435916043,0.1330250240935014
10_1962,0.8144776024675692,0.26511889007975203
10_1971,0.8535987008535175,0.4851754570861416
10_1993,0.7154306569556941,0.18876608193377922
10_2139,0.3426812371249667,0.5115403698291282
10_2290,0.7420725865484019,0.2604625478302147
10_2306,0.649819561697877,0.7729662791828502
10_2322,0.678365565784893,0.5768693310955765
10_2444,0.8268556483959075,0.7196612281349464
10_2492,0.5311197666237266,0.3871870352921997
10_2539,0.621907924101607,0.21178137247774162
10_2577,0.4876231899387744,0.2351766676152553
10_2581,0.8285689662845239,0.22714740084942717
10_2631,0.6872594617711933,0.3017057602500843
10_2640,0.5441397370880738,0.25253680108440213
10_2707,0.6218499545152244,0.19655348975597783
10_2760,0.7428709596597776,0.25246772113190075
10_2826,0.7230687323066431,0.21412687134650213
10_2867,0.7645954164357245,0.6079109372218611
11_1062,0.5035165728411244,0.17493209075672198
11_1109,0.8267449207060922,0.2300053903686162
11_1311,0.4369265636710997,0.2558361928341656
11_1727,0.8664713393712273,0.24990821512529204
11_1754,0.831160828336477,0.5193059797225414
11_1778,0.41637336484402077,0.24584873752182035
11_1803,0.24409798164862262,0.22406961220053961
11_1878,0.6624363654035041,0.5711160020231975
11_1885,0.6478087645940485,0.14599472318713655
11_1962,0.7703832073569903,0.4166674384848965
11_1971,0.8375276131934858,0.6846798108216162
11_1993,0.5827820297891855,0.20521352564792927
11_2290,0.811897196164203,0.33482730633770713
11_2322,0.7078329101553368,0.4715920755018066
11_2539,0.7303175008691585,0.26330966745026996
11_2581,0.765334058597893,0.5757237516491067
11_2640,0.6546738593282028,0.3368227812594455
11_2707,0.5637217218335895,0.19948899675924886
11_2760,0.5553523088343326,0.4402754759941736
11_2826,0.816750143435314,0.21993052049098089
13_1062,0.46250703845078855,0.1887937158893394
13_1109,0.753023360331642,0.22171167705580003
13_1198,0.44846125694734174,0.21382933056863426
13_1311,0.6537614902685497,0.20364377927792485
13_1445,0.8503248854042289,0.41495196140323853
13_1558,0.7184800426330656,0.5637224641908105
13_1727,0.7816523817331107,0.25010799047123594
13_1754,0.7736531044907602,0.30889059534365926
13_1778,0.2913997729599995,0.23762861117405776
13_1803,0.5013282284218615,0.19938439785192205
13_1878,0.6414783232829104,0.2792219768962653
13_1885,0.5626702304910951,0.13321044307943458
13_1962,0.8329669061435995,0.24065206702075567
13_1971,0.6981155639903263,0.7405076636161638
13_1993,0.5213171130162374,0.15190263552898203
13_2290,0.8244116517910457,0.19157629040292065
13_2304,0.5123597651229269,0.33573990179751567
13_2444,0.8147294738813781,0.46097717688057865
13_2539,0.5542035453147436,0.1910591855281724
13_2577,0.4726852340673716,0.24969475797563165
13_2581,0.8153254337766087,0.3092132157189926
13_2631,0.7358115255574804,0.35030667998008647
13_2640,0.6790220016040317,0.20619776547057175
13_2707,0.48825132869438304,0.1862829037234651
13_2760,0.7598235167907307,0.28909179710009353
13_2826,0.7682246228587152,0.19638236204018666
13_2867,0.8576893651279477,0.38603589927471105
14_1062,0.28757659673342373,0.3441361127061264
14_1109,0.7530729031866437,0.3445221095022118
14_1311,0.411462369567527,0.33432167322649947
14_1727,0.8034060564675921,0.35493919091108067
14_1754,0.8263609660412885,0.856133829970688
14_1778,0.32006030441590827,0.39733740740517537
14_1803,0.3190542793114095,0.28601006524757516
14_1885,0.34700968142745536,0.1977998788815905
14_1993,0.510942130140995,0.24039213201911871
14_2290,0.7979518806388635,0.5106244882283244
14_2322,0.6615849796369377,0.5193129925751562
14_2539,0.12951005326525178,0.2886204628301672
14_2707,0.27650833062393065,0.2964874528389256
14_2826,0.7751694961194762,0.32520644760484346
17_1062,0.33438467436027064,0.2740114061018994
17_1109,0.7714477472616768,0.26209671323748346
17_1198,0.43801823142541574,0.4177356987986338
17_1311,0.40153216689751137,0.3913459784949157
17_1727,0.7909817492355575,0.3616741210294294
17_1754,0.7723614905641649,0.6275460997491673
17_1778,0.30838429082571006,0.3849831882658821
17_1803,0.4807858879464202,0.308669659355203
17_1885,0.45367420327535635,0.16130794254837494
17_1993,0.7043280110507746,0.2043531425800968
17_2290,0.8272286111564647,0.33575656979507207
17_2707,0.4067735942622941,0.24098517529348662
17_2760,0.8050727410460377,0.38045442570549526
17_2826,0.7316556497479312,0.3034380967925859
20_1062,0.2761785399344162,0.3213642690270772
20_1109,0.7574703200758437,0.25310812028903135
20_1311,0.37482730108776907,0.26675217869662243
20_1727,0.759725627030694,0.5298154856477182
20_1754,0.6824017386387399,0.5394052862970802
20_1778,0.2937938391764692,0.44924462264431536
20_1803,0.25171833754903894,0.3054408698061798
20_1885,0.6189370324323215,0.15517102100979216
20_1962,0.7849718221048959,0.4926382496256379
20_1971,0.8195145168907525,0.7866471934417381
20_1993,0.5116211303901483,0.1961622480680045
20_2290,0.8007542424281098,0.29941600820069064
20_2539,0.6233476567108827,0.2883989883249634
20_2577,0.35107657982819196,0.5203375391929409
20_2640,0.6489210782266742,0.33873711696298087
20_2707,0.43845121995711744,0.2622869876837871
20_2760,0.5050563653367142,0.4266751203358676
20_2826,0.6009300689905588,0.35519492892310156
23_1062,0.449889660443869,0.37700416943355
23_1109,0.8075758746823539,0.21222754261417887
23_1438,0.7999084756208737,0.5961119523924934
23_1727,0.8386800046942303,0.29027414208309077
23_1754,0.790634669889083,0.5804429049737898
23_1778,0.3444528898716175,0.3137974431449353
23_1885,0.6354537847029307,0.1914513372345033
23_1962,0.7760107555960973,0.5266025057716893
23_1993,0.6822556729306528,0.24858485696239516
23_2290,0.828815357026973,0.36253723399553767
23_2539,0.5355684185485511,0.29303615409919825
23_2707,0.37059755442345144,0.24959172159055287
23_2760,0.5634089084270357,1.058875834923259
23_2826,0.6748116847388046,0.2725033409070471
26_1062,0.4981866600611278,0.22843852965678615
26_1109,0.6305632502449581,0.35768765941118713
26_1207,0.5392708049051755,0.4059816115092615
26_1230,0.5668447696286449,0.41497530835151214
26_1727,0.8458083735759202,0.36393696961461547
26_1754,0.7679629514699334,0.5792485668476532
26_1885,0.7546451710839588,0.26109169152633116
26_2290,0.7711085454035276,0.33184892718744496
26_2322,0.5809423849871946,0.30670061528072373
26_2707,0.4231831994139842,0.34059688216209
26_2826,0.5998340026034901,0.465124246690387
27_1062,0.47107681673066815,0.22189445492014326
27_1109,0.8056094760992125,0.20165369755927154
27_1438,0.6131105366603522,0.2841864761234144
27_1727,0.8826378307053492,0.27824238427677955
27_1754,0.7820904246479825,0.42025710760785456
27_1778,0.2791941080699739,0.33036013946257203
27_1847,0.603055052098288,0.46838928789875783
27_1878,0.6985211025525692,0.6131574076820109
27_1885,0.44674608020180206,0.13091895072479992
27_1962,0.7868999330719937,0.38431193280480147
27_1971,0.8355369286151217,0.7736406462693972
27_1993,0.5056208734314365,0.18505613956102387
27_2290,0.7727190923947782,0.32874096198799774
27_2322,0.6825563435202411,0.5854249799202387
27_2494,0.4198660720798265,0.20241190966419356
27_2539,0.34575867939257965,0.26413642732853815
27_2577,0.46926046312309444,0.4883032604345823
27_2581,0.7722073295769436,0.42506630103105947
27_2640,0.7362679345895617,0.42861504778825593
27_2707,0.5155517893376586,0.1986365827765965
27_2760,0.5495009772834993,0.48455307872711345
27_2826,0.7756566093483988,0.23202758596551926
29_1062,0.5500120602097587,0.2528358437229257
29_1109,0.6394481736877864,0.3486967362133348
29_1727,0.7064345893479131,0.48021095443261114
29_1778,0.36299803969933697,0.39926867577646785
29_1885,0.6661551320658574,0.22724507848033995
29_1962,0.7286328392242178,0.3201053838173783
29_1971,0.7897054187465705,0.48415278804824613
29_1993,0.5837880616715527,0.2545245323356517
29_2290,0.8077023512065438,0.2688804207018984
29_2539,0.5661018756563405,0.4792106476015056
29_2631,0.5579587552001839,0.6429534420519553
29_2640,0.5056783852699018,0.6179802606926158
29_2707,0.1798381944826426,0.2448500899272863
29_2826,0.6238896817605495,0.4208544851092548
30_1062,0.36582609614880435,0.24546413652027996
30_1109,0.767934182368735,0.2646939584877759
30_1558,0.7628112018766107,0.6070392192364416
30_1727,0.9122289218120457,0.2128466663302075
30_1754,0.7717037156857185,0.5189682004908877
30_1778,0.3659956770641083,0.3324666868770251
30_1878,0.5362491767870303,0.43979059967652645
30_1885,0.672534130393833,0.14291368000478258
30_1962,0.808895183411267,0.32926690453470975
30_1993,0.780942647038279,0.17317246397957164
30_2290,0.7587906112865093,0.37759247249901917
30_2539,0.47069481602222407,0.2289012719457186
30_2581,0.7518105053062649,0.47219229833894555
30_2640,0.6558003371314873,0.2847344901879976
30_2707,0.4215225944926747,0.27159732198784214
30_2826,0.8204525915078764,0.26608015509973854
32_1062,0.3223284219104807,0.20682780332164055
32_1109,0.6850443209378638,0.24074416655748831
32_1207,0.32790804674027607,0.43393976136775525
32_1230,0.3309593221770636,0.37373055372753927
32_1525,0.4286585686853034,0.5163392104590786
32_1727,0.8099416426707701,0.2523897871339921
32_1754,0.7738479122039951,0.24264263139096826
32_1878,0.5447821729501023,0.4706724516735837
32_1885,0.5469617100162908,0.3065856536846611
32_1962,0.7085241524345953,0.2721316720712944
32_1971,0.7178037473234666,0.3594530711399605
32_1993,0.5226114132935995,0.23887690150277419
32_2290,0.8228645021019392,0.21343184229876766
32_2581,0.7040023799310162,0.29814710361279845
32_2640,0.7027516928401234,0.2969878453473515
32_2704,0.4885401851391117,0.3642017753293506
32_2707,0.38475663027995144,0.2116835215928559
32_2826,0.5970936180875859,0.2897996066139409
34_1062,0.2723291208207508,0.2594351899309458
34_1109,0.6964105643751808,0.21035886461747932
34_1525,0.6181046286998408,0.33471174788936814
34_1558,0.5340720000337953,0.5027570755797708
34_1727,0.7982387126419797,0.30254338017532567
34_1754,0.6666306867172899,0.26772097449350923
34_1778,0.2068711555614443,0.47844437338438983
34_1878,0.4753928222973294,0.2522474679601366
34_1885,0.4097621670816711,0.1916820462611179
34_1962,0.6730379737581486,0.29384162664229774
34_1971,0.5743223298654291,0.4399584757230325
34_1993,0.663303267745526,0.2505073876131059
34_2290,0.853793555965638,0.21074988275039852
34_2322,0.3057882105003644,0.509048619443481
34_2581,0.5607543743814154,0.3815961948859028
34_2640,0.5280553943555585,0.2565671065813371
34_2704,0.6960427446698351,0.20832614529467589
34_2707,0.4063678308748221,0.21809130076599
34_2826,0.6670930956055541,0.2111864774221994
36_1062,0.48098457458832355,0.24616212229658688
36_1109,0.812028383270974,0.23932435274061967
36_1198,0.27993259983044505,0.43100019515081617
36_1311,0.33496703758511626,0.24547307000883875
36_1445,0.8050905997857845,0.5821491089294458
36_1727,0.8697335818781369,0.3732479932243063
36_1754,0.7406832764069289,0.5103058121232874
36_1778,0.2598776177790999,0.348303012189884
36_1803,0.30496999877174347,0.24483860175598207
36_1878,0.7360777420850411,0.2951044024919686
36_1885,0.3368706941551505,0.16467346159418278
36_1962,0.7857771817562474,0.3329225419053033
36_1971,0.809688132281871,0.7609984018837692
36_1993,0.5021358177014428,0.2575075053076902
36_2290,0.8085926669068816,0.30294230380633397
36_2539,0.5516977378398866,0.24712982405017778
36_2577,0.6270842253639515,0.3961453993360096
36_2581,0.804580680779647,0.41533995369793497
36_2640,0.6169052326722383,0.32982515017981257
36_2707,0.4941508221468235,0.2640906310343693
36_2760,0.5608271066006023,0.29913502422010463
36_2826,0.7352697667688064,0.23163222574268175
39_1062,0.3380581272632045,0.2414472833924929
39_1109,0.6297240008095053,0.341896044202044
39_1207,0.6117555634445475,0.4809851352955024
39_1230,0.5317367053122573,0.4957532116345123
39_1727,0.5772110671224109,0.46713231550048834
39_1754,0.6378534481376749,0.3766329183585566
39_1885,0.6737978117203038,0.37843223958952227
39_1962,0.7861866386015841,0.4032040293192374
39_1971,0.7672338602280443,0.5339396095715434
39_2290,0.8183309428488665,0.2995247954959847
39_2640,0.5915824672747505,0.45960616685368455
39_2707,0.34370736059093643,0.2786557173969037
39_2826,0.42605512299707304,0.45190437203266953
41_1062,0.2530613334916705,0.510126049388534
41_1109,0.5121691776299646,0.3944124786683706
41_1754,0.7287627643722656,0.8205569208248116
41_1885,0.25734687813316615,0.47301663563701934
41_2290,0.6430025876153025,0.6304326476242339
42_1062,0.2833313406111878,0.25525089123432276
42_1109,0.5756250420692917,0.3024711481004017
42_1727,0.7853232115695631,0.3220623831666879
42_1754,0.6594066566811021,0.3889344753341237
42_1778,0.17690622587296845,0.5703414882015903
42_1878,0.6037127072798841,0.19871846620891145
42_1885,0.5927714918618168,0.23189685714614208
42_1962,0.6141514108396535,0.37989965636610235
42_1993,0.6013839381201367,0.26423442436618977
42_2290,0.7964510400150197,0.21687727494282927
42_2539,0.5664970584132476,0.43333080850863315
42_2577,0.5185445510378042,0.2880220237033134
42_2640,0.5176923270882505,0.24847560466330212
42_2707,0.4936263714742265,0.22939547842544047
42_2826,0.7345314456825071,0.2342822881934751
43_1062,0.49019329711053217,0.22159318209851037
43_1109,0.781893466457104,0.25252958231423367
43_1198,0.38104362591322716,0.23308662765652094
43_1207,0.7497971519642992,0.6105791781774051
43_1311,0.2911159183132077,0.15701515092940987
43_1727,0.8591402000781556,0.3375232886037945
43_1754,0.7920628114997547,0.6452417107939946
43_1778,0.3419216287979673,0.2716321505890875
43_1803,0.45731041210863455,0.16565511634167726
43_1885,0.46670401125932903,0.11439965698398424
43_1962,0.7761162054771921,0.3571829451518003
43_1971,0.7854941887102806,1.092399272344135
43_1993,0.7597820137723095,0.16703242477070962
43_2290,0.7676680050917439,0.49629234595718713
43_2494,0.4350283179796537,0.3352549151438161
43_2539,0.6634222493231043,0.19684671630035613
43_2577,0.461940005200585,0.47721996169969666
43_2581,0.7622459251665373,0.391016440175362
43_2640,0.8115619748173553,0.26056037436379187
43_2707,0.4833520911530568,0.22629713503486515
43_2760,0.7115266748168239,0.32581641164184133
43_2826,0.7738941793164801,0.2554272513482511
43_2867,0.8129307644714716,0.7122240283481329
50_1062,0.44339900462797044,0.20513553269399876
50_1109,0.6222942256278556,0.29340859330209096
50_1207,0.42828171173578256,0.4304173558396101
50_1230,0.3914700836720224,0.4101924732705846
50_1727,0.8763418680365959,0.23767043676044095
50_1754,0.7443001660592604,0.34188039547206667
50_1778,0.3770544192749632,0.3305014419486839
50_1878,0.6868054823371423,0.20845889782266927
50_1885,0.63871317777133,0.20244644699181805
50_1962,0.7829312021864491,0.3221479590570866
50_1971,0.7829018235584293,0.33944411243979006
50_1993,0.5502413544148098,0.27704859649529545
50_2290,0.8424550503329902,0.25568681605691235
50_2322,0.460321438960287,0.4039971547071557
50_2577,0.3766825785998379,0.28424833619894496
50_2581,0.7116828357099956,0.4955498044588452
50_2640,0.5802124363138828,0.2319392621446713
50_2707,0.42875615961835845,0.21262352901944112
50_2760,0.5587242663097848,0.36152067539296456
50_2826,0.7087038105826932,0.24302438037543428
51_1062,0.2869401388853424,0.24991142561731347
51_1109,0.7703212377757561,0.20594591881110838
51_1311,0.26257192025995535,0.35592306503502946
51_1438,0.5375829615318728,0.4108221156036015
51_1727,0.8429170466392197,0.35785232280505097
51_1754,0.8160473167659156,0.5341313835042454
51_1778,0.36473332372667366,0.34760396791430714
51_1803,0.17104666127997603,0.3656381190247163
51_1878,0.7532805524849424,0.45768949755774313
51_1885,0.5083972856525907,0.1442458701960583
51_1962,0.7546894759536189,0.40641183021408595
51_1971,0.8729739227230146,0.7161486578989836
51_1993,0.43778909289124857,0.2208931324206766
51_2290,0.8210611840252848,0.38982018932726686
51_2494,0.37286277273515844,0.3263341388967737
51_2539,0.5746684038172027,0.2582762085449018
51_2577,0.32706821375770334,0.317925437734037
51_2581,0.7910652123992067,0.5547632407175184
51_2640,0.7620406825930973,0.3042218164695465
51_2707,0.5000628829123501,0.22716403048085587
51_2760,0.5467361347079002,0.43170547231416273
51_2826,0.7553043159353483,0.2688674321025566
52_1062,0.4067660464967354,0.20477314612988817
52_1109,0.7980440605389176,0.21905755837882285
52_1198,0.317844125096594,0.2235902562064305
52_1311,0.4547277125024345,0.13985439460326957
52_1558,0.7938737215172568,0.6277788605252462
52_1727,0.7043442009835565,0.3128881950444809
52_1754,0.8202827757629234,0.34924141611950293
52_1778,0.39171533913430956,0.2484480019107098
52_1803,0.4604663919123263,0.1762481613460237
52_1878,0.7694017080172935,0.5422746055083941
52_1885,0.7068786291217863,0.14332844770821113
52_1962,0.85518668574528,0.3242458796995777
52_1993,0.3946001143964254,0.1945099229555015
52_2290,0.8613321542513469,0.2863947972237427
52_2539,0.7467740757638309,0.2254077561644653
52_2577,0.5842329947358335,0.2663689870309902
52_2581,0.810558164358623,0.49538843697450946
52_2631,0.673156181839193,0.48533685419929457
52_2640,0.8358163582588474,0.2295761596492005
52_2707,0.4619639822374104,0.2065145228466441
52_2760,0.5815465556516477,0.30798597006048056
52_2826,0.73376735410175,0.21139941938073095
53_1062,0.33322814052353955,0.27012028643857405
53_1109,0.7214019330057492,0.29441272408928426
53_1727,0.8317956461883544,0.42462651108209004
53_1778,0.3876150544666499,0.38617553411902716
53_1803,0.3262952165424782,0.25754726045288867
53_1885,0.5554284370919644,0.21183060716328114
53_1962,0.7014041028407585,0.4875645190479842
53_1993,0.516400792865698,0.21132513064493824
53_2290,0.8048967259490546,0.3624939182828042
53_2707,0.41902725201966884,0.28621810061893943
53_2826,0.6928003840622236,0.28771673485939003
55_1062,0.22027670128105004,0.42850736613498314
55_1727,0.7213132360621393,0.27478687848651867
55_1754,0.7977670892362458,1.0976441262715646
55_1778,0.25534071979912454,0.5316120651507215
55_1885,0.5245433558119763,0.3717246096786093
55_1971,0.8513635190960354,0.9638810215906354
55_1993,0.6226599936689772,0.3463845630500509
55_2290,0.7481455729629578,0.6248010717738811
55_2707,0.4965325011247558,0.40589206915484394
57_1062,0.24729046180585035,0.20586075639056747
57_1109,0.637874035381981,0.4430029324323388
57_1727,0.6716662136852176,0.4291107027451688
57_1754,0.8501736511036666,0.4496539243532456
57_1778,0.3678961451408227,0.4033314379032286
57_2290,0.7901439510060813,0.38726929481775607
57_2322,0.5268544202885963,0.46654531646609265
57_2581,0.6424101940606768,0.4071545994464206
57_2707,0.37539365932275537,0.31213964416931717
57_2826,0.6392911323055437,0.5229524505006685
58_1062,0.4221595729006984,0.1940040938227159
58_1109,0.6711440360341623,0.36974594274381106
58_1207,0.5404465455154702,0.36659336838123513
58_1230,0.5626003746382691,0.47465464439347327
58_1727,0.8763294691343122,0.3204506532309733
58_1754,0.7070349510784777,0.6273387734018864
58_1778,0.46061441247017765,0.3493243470372594
58_1885,0.5192676972689317,0.2822138392955771
58_1971,0.7828692963964367,0.9241284976444286
58_1993,0.49471912136972784,0.39897405027151883
58_2290,0.8289322763735982,0.3181382116251823
58_2322,0.5505140549285158,0.4420388425238843
58_2707,0.3689498773301033,0.23609600103141118
58_2826,0.6884877737452741,0.43558977970485785
59_1062,0.4211403884109707,0.23279628166545543
59_1109,0.757248699075512,0.2398040436870745
59_1311,0.4482733857503738,0.24171002294408186
59_1727,0.782590294871808,0.28193439428208433
59_1754,0.8049705416704618,0.4407406574884363
59_1778,0.33353101370133365,0.35017036508912586
59_1803,0.31489419391419005,0.24363139090034633
59_1885,0.5593847735780858,0.11750604924650553
59_1962,0.7450564261374388,0.35019645670787286
59_1971,0.8353109480723503,0.5173913864341401
59_1993,0.6820045354345099,0.17833339329103104
59_2290,0.7758890227855706,0.2970579458936306
59_2539,0.7161302011166099,0.3270768087054887
59_2581,0.7260802240547146,0.48720026708134173
59_2640,0.50289307055177,0.2896535043218743
59_2707,0.4675252586687132,0.2499001197538273
59_2760,0.5525120868235606,0.28436835221874135
59_2826,0.786808941050487,0.34647832053156596
59_2867,0.7825329402329654,0.6314526748696008
61_1062,0.49589945584135176,0.2379785180617001
61_1109,0.6818579777193194,0.2694333453801753
61_1525,0.5473519686395361,0.4505478487395974
61_1727,0.74442167576028,0.3350393068579471
61_1754,0.7270683618698748,0.42442883554482086
61_1778,0.3034463507030454,0.34947568263598777
61_1878,0.5604213458805514,0.28498851138331793
61_1885,0.6538486935332894,0.601086657884567
61_1962,0.611163046220794,0.40131308490218254
61_1971,0.7243050698052977,0.5600043815879548
61_1993,0.6636980518236991,0.1673863007479842
61_2290,0.8744010205362547,0.24921562947497158
61_2539,0.7323724280612298,0.24555100203461888
61_2640,0.6402412314615318,0.2185877128461712
61_2707,0.3891707348594019,0.23267715410048395
61_2760,0.2903958083641288,0.4680512951263583
61_2826,0.7182691958668576,0.3275825560684566
64_1062,0.40757955602298757,0.17971145595502275
64_1109,0.6250426494274859,0.30654406366641695
64_1525,0.5100568657770099,0.545105651037023
64_1727,0.8966573491716111,0.2976828647418085
64_1754,0.77249091269006,0.3751954050256475
64_1778,0.391082623858944,0.2560472251931749
64_1885,0.5003881370289618,0.17710228200338468
64_1962,0.5263713840244484,0.6082131405747692
64_1993,0.6164059562459905,0.2079131089900586
64_2290,0.8412830060995518,0.21899259449631997
64_2704,0.459556766786658,0.30232453295054224
64_2707,0.30414770622593656,0.24589590761857602
64_2760,0.3964091811608038,0.4010787449905102
64_2826,0.6650306480290896,0.2874320270601053
65_1062,0.2441488334941232,0.23334229558994754
65_1109,0.6587357063358885,0.2589783982217815
65_1207,0.521482918046478,0.4463035302815846
65_1230,0.5048072964200818,0.45220881205140917
65_1445,0.7466535031729982,0.5694067040285686
65_1727,0.8525097500000989,0.23290708879976327
65_1754,0.7367347651511078,0.23889346611131132
65_1778,0.40306387877989913,0.34110660686485633
65_1878,0.7009376331654299,0.18641318990237193
65_1885,0.5159443892151323,0.15290788523868618
65_1962,0.6956021378004662,0.2385431123375377
65_1971,0.7899235156711606,0.30459761690007214
65_1993,0.5190954811833242,0.17011140711793823
65_2290,0.8183024612625374,0.22253942248838285
65_2322,0.6675204134468244,0.3565471173179181
65_2539,0.7152708696845874,0.3509180252841854
65_2581,0.6680255298629387,0.41020741622374396
65_2640,0.7035885876691418,0.15345956160710159
65_2707,0.5782818194814598,0.2078731045592505
65_2826,0.6899763327273083,0.20901987124569205
66_1062,0.4372736904140091,0.17315567954652286
66_1109,0.6760526562719815,0.23597857177408119
66_1207,0.4104642415777737,0.40215798793495966
66_1230,0.22907039795196038,0.41420052030046633
66_1445,0.7527664224788517,0.5728522353706901
66_1558,0.6927890272398076,0.4368979505152294
66_1727,0.8184385346561556,0.3629208587709365
66_1754,0.551631304420155,0.3312099454933266
66_1778,0.45815977220867743,0.2856937533748245
66_1878,0.5989533145399613,0.1852775785666532
66_1885,0.5599880055148975,0.16258704401745674
66_1962,0.7197388337043724,0.3091463144821365
66_1971,0.6113274378246305,0.45835834398689157
66_1993,0.5717500143285499,0.18049570514993393
66_2290,0.8055197121717269,0.25649807944036385
66_2322,0.4325919720154672,0.35530688853013076
66_2539,0.6462112242127472,0.19129808284119998
66_2581,0.6726753163627543,0.3851127507424745
66_2640,0.6959790059951769,0.16189479443013313
66_2704,0.5364896079486783,0.3359409191296723
66_2707,0.45727411438860044,0.1846794782460191
66_2760,0.3417574365006054,0.3819956232763362
66_2826,0.5379714392137769,0.24239957614643157
67_1062,0.3606787747876029,0.21180669901142013
67_1109,0.7669295559640439,0.2581672811000397
67_1311,0.4909945079059477,0.22249976570922386
67_1445,0.7746285621036375,0.6547247217205248
67_1558,0.7097716592470611,0.6202081657461336
67_1727,0.8815278114520824,0.2939562434893809
67_1754,0.8027444198775162,0.4730412998822187
67_1778,0.3826934111897152,0.22597241062799925
67_1803,0.420555590125667,0.18337659697707792
67_1878,0.5814892602980322,0.3243125733203894
67_1885,0.5494855912727719,0.10612151583960859
67_1962,0.8123082948167886,0.27610698619699564
67_1971,0.7628693960802744,0.6739393355691987
67_1993,0.5789320797117814,0.14378915342947016
67_2290,0.8271172897460154,0.30260083312810354
67_2444,0.822423371013693,0.5506786459292873
67_2539,0.8018347155730319,0.22463010608349515
67_2577,0.44226224507589473,0.2283725759545537
67_2581,0.7069196844351049,0.4195843590161787
67_2640,0.7320457833262254,0.21738845064706974
67_2707,0.3906236759123646,0.21609708472850017
67_2760,0.5170882726744392,0.3052597699991736
67_2826,0.7899079242272938,0.21849822600268562
68_1062,0.2392349094668378,0.20439447917358186
68_1109,0.5899147090286136,0.2938339368813413
68_1207,0.37462115823668374,0.5599393678342123
68_1558,0.6318124228203543,0.542432685804888
68_1727,0.8404953173955014,0.3072500098206194
68_1754,0.6643978041872578,0.28690130544415887
68_1778,0.4347166478477189,0.32988309873534516
68_1878,0.618859225016545,0.2217065600216921
68_1962,0.6679143590367764,0.31766071694263437
68_1971,0.7164781344659314,0.3656804083479503
68_1993,0.5565619620565018,0.2094946343958637
68_2290,0.8361395030107884,0.24805719739183343
68_2577,0.2871422347724626,0.38667015070919214
68_2581,0.6516189683876609,0.34606519217163595
68_2640,0.6185280923480756,0.1998254898419778
68_2707,0.2616347781689303,0.2741045838298684
68_2760,0.4574750092561922,0.36402014087708034
68_2826,0.6649180083512746,0.22378395307415114
72_1062,0.31046610970912614,0.28740236707002276
72_1109,0.7839872589342618,0.2620667825250315
72_1727,0.8346826922177524,0.32077508762511314
72_1754,0.695519395035642,0.748689129070876
72_1778,0.41619714371280814,0.3576268472147488
72_1885,0.5196473811380713,0.22808988689586598
72_1962,0.6956549880178751,0.533149061981021
72_1971,0.8701418287187128,0.8060335659643623
72_1993,0.5156717234211323,0.25540348805021496
72_2290,0.7318594379674132,0.45688885510249133
72_2539,0.6942060256583011,0.35467491591833766
72_2707,0.45447897380374214,0.2935658618184365
72_2826,0.6947238932322177,0.278612233330117
73_1062,0.3787429202007322,0.2410648115450723
73_1109,0.6549514620295789,0.31718135272516557
73_1207,0.5253307486926851,0.3971504545736198
73_1727,0.771257379272898,0.41402054046194064
73_1754,0.6685674863809303,0.2943578412154787
73_1778,0.37960728491103923,0.4353097557404977
73_1885,0.6316990364081391,0.23766185824634778
73_1962,0.7375858068161167,0.39564237351132847
73_1971,0.7706019085885776,0.3222256452508263
73_1993,0.7141377405689331,0.2445012394260377
73_2290,0.7340953088719804,0.34450604343326324
73_2322,0.6110599486225886,0.4057024761191266
73_2539,0.49246261431219385,0.4424553798452654
73_2640,0.6902301068917809,0.27624948973958124
73_2707,0.21767658710020432,0.35000655812418163
74_1062,0.6353469360000554,0.2680728016689694
74_1109,0.5588581575981044,0.5854873038605732
74_1727,0.723689713103735,0.4506929021160195
74_1754,0.623794418424211,0.38985946295153023
74_1885,0.5438437350764093,0.37202189349288683
74_1962,0.608985431888994,0.3437697296860573
74_1971,0.6350002438187341,0.6690610732522668
74_1993,0.5941137310825735,0.29415398394772196
74_2290,0.8461479655264798,0.28028891189887667
74_2707,0.38338068412403736,0.2957335042684851
75_1062,0.276316213179878,0.20793613736995253
75_1109,0.6101662585823322,0.18374579227465615
75_1207,0.457519254182002,0.4463197485045488
75_1230,0.44027865193766313,0.3768332150497575
75_1248,0.6327409417825519,0.398020394350701
75_1727,0.8572036802310494,0.20674416303207302
75_1754,0.7014265095309711,0.2896536090167536
75_1778,0.3986635424047513,0.21354505255752348
75_1878,0.5979044354579806,0.21988783043291404
75_1962,0.7391571803225981,0.2609389532765894
75_1971,0.7787780893894632,0.3611455483845817
75_1993,0.25903592276389786,0.25013064684300046
75_2290,0.7970737920292386,0.14151971561789334
75_2539,0.5315951253645617,0.2740689787511257
75_2581,0.7639863229294213,0.3091870747193486
75_2640,0.6064436144269321,0.20802109560502924
75_2707,0.39172866447695864,0.18924683668093417
75_2826,0.6773202306874901,0.194370109371095
76_1062,0.5439334764066353,0.23440483968143
76_1109,0.6382631012405089,0.265116903810057
76_1727,0.8257885841346373,0.34570287872023764
76_1754,0.7384177453603509,0.5725679522917579
76_1778,0.43297783283594016,0.28236956661811174
76_1885,0.48789817516577116,0.17282397625436918
76_1962,0.7020702138806321,0.427006718044772
76_1971,0.8409161830556038,0.7797381456843981
76_1993,0.7408692609841837,0.41888050867886234
76_2290,0.7317080059157679,0.3204810021149823
76_2494,0.4036968297100515,0.31667984112069425
76_2826,0.6017863612333403,0.3269086654343757
77_1062,0.36549753040391453,0.2622092304039639
77_1109,0.684221622762514,0.4218873407701713
77_1727,0.6084564703190591,0.445917138064562
77_1754,0.6910867915702004,0.378690109837376
77_1778,0.4016307451876492,0.45007232912811707
77_1885,0.5658890754819035,0.3234945388170206
77_1962,0.6550272071279952,0.39085715946493865
77_1971,0.7739142868607377,0.4814866378966693
77_1993,0.3997015723644356,0.31995890003798827
77_2290,0.7821158808648088,0.4128844357434354
77_2581,0.6718928218294518,0.4912902573169282
77_2707,0.4758078952465816,0.29354036852110565
77_2826,0.46829943457034773,0.3722748139329327
80_1062,0.36915423623012744,0.2689002091736529
80_1109,0.75070729838258,0.24124314822112947
80_1727,0.8408062822215449,0.38568531513683557
80_1754,0.7609304067867212,0.675726645679931
80_1778,0.3027553259706791,0.41726108699083014
80_1803,0.2003546669748273,0.4832745679626422
80_1885,0.5355916050318498,0.19201201742376017
80_1962,0.705273286442914,0.6978242853910686
80_1993,0.43894632852409,0.21796965155927042
80_2290,0.745290091031379,0.6489376401509428
80_2539,0.6922655484985039,0.32410591334911387
80_2707,0.5615855039059547,0.28204915371022915
80_2760,0.42147022408282786,1.087215426369908
80_2826,0.6814562137737387,0.239061868995757
81_1062,0.4013583695566505,0.26015207570720256
81_1109,0.6799911701965116,0.2566648224584196
81_1207,0.54038826265668,0.37811829240669487
81_1727,0.862319721810955,0.31897097240304884
81_1754,0.6625173888023406,0.2581175620563576
81_1778,0.3964564185123738,0.3189699698716051
81_1878,0.4393395957640215,0.43089598172287463
81_1885,0.4280898669688641,0.2034798300830542
81_1962,0.7828336687596653,0.31541710411859275
81_1971,0.7558390167972022,0.36540601013863266
81_1993,0.5581177798110766,0.19319885357011976
81_2290,0.8523595300803318,0.23424864271566137
81_2322,0.4578214886382128,0.3945931019355105
81_2539,0.4845619026305137,0.42148422486040404
81_2581,0.6597352624896087,0.368905360857116
81_2631,0.3423239123178783,0.41802615858520936
81_2707,0.3662913598407159,0.24002610051165668
81_2826,0.5863405695780757,0.3197594826945316
83_1062,0.3300481913821677,0.17163853564625942
83_1109,0.7312402201165669,0.2676797323342257
83_1207,0.4180884451734177,0.3381270918636436
83_1230,0.39977057319313314,0.27986671845980016
83_1525,0.5701017883850679,0.5137315451397073
83_1558,0.644381758676752,0.6561095976065546
83_1727,0.8363898815344434,0.20212968180576227
83_1754,0.7612593272048105,0.3023325282075405
83_1778,0.37003544824642687,0.27030710599275715
83_1878,0.5699018844508279,0.367993381874531
83_1885,0.61219995026331,0.17284180421469664
83_1962,0.675184754033602,0.41120675048023325
83_1971,0.7921299750479474,0.42313229496695337
83_1993,0.6562526265886566,0.1706759020959071
83_2290,0.8163281762627197,0.26221958088350256
83_2322,0.4358601744456817,0.3847229926096807
83_2539,0.4085191759235116,0.3386982528005726
83_2581,0.7744742895325407,0.338043961691489
83_2631,0.4844052782235707,0.7192744572603905
83_2640,0.5953767341301286,0.2498805419248629
83_2704,0.6809753364063268,0.22276840519624605
83_2707,0.5241437586987366,0.20373706607216438
83_2760,0.4646845657069979,0.5815009083186008
83_2826,0.728578440049083,0.2441207433993228
86_1062,0.3600791889905901,0.26901549548334536
86_1109,0.4617850769515479,0.31511508487281376
86_1438,0.21198333849069717,0.5934430603025629
86_1727,0.7926755700385635,0.26513275136191944
86_1754,0.7051729147349242,0.4559731413498613
86_1778,0.40521115800434815,0.5036198443562906
86_1885,0.7008026041158435,0.24516713742534751
86_1962,0.480250762583294,0.5335953011179062
86_1971,0.7705893536570255,0.5119862955192308
86_1993,0.8641284174029036,0.24289046910972664
86_2290,0.6315531941831187,0.37859156127394156
86_2539,0.4578889599537158,0.36464584606432193
86_2581,0.5443132647992512,0.6143579810367596
86_2707,0.43997950635382144,0.3165859011878274
86_2826,0.5179362719108325,0.3077685060012593
88_1062,0.34617145868359134,0.2445735537646729
88_1109,0.7007990896164479,0.3363975612578021
88_1727,0.8241320823782808,0.5937173479460551
88_1885,0.6341931237902065,0.27786640287676256
88_1971,0.7229249012544645,0.5319626038070294
88_2290,0.7762413359816044,0.3973842396103566
88_2322,0.4625202057620207,0.4553674413387417
88_2581,0.6853280097194329,0.3818888115825233
88_2640,0.4882644845119368,0.5363375165070424
88_2707,0.3190297259819267,0.3612733678589564
88_2826,0.5633893693510461,0.48409000791143186
89_1062,0.4581353620885924,0.2767924399693776
89_1109,0.8412732573468945,0.2569629855483259
89_1198,0.26694402445323284,0.3445230114636826
89_1311,0.2358914700957072,0.31726985101428745
89_1558,0.7771642143703457,0.5138900655946887
89_1727,0.847501593243474,0.3130324951098593
89_1754,0.8031696015170623,0.5846397109644068
89_1778,0.4528705303603744,0.4160794870406218
89_1803,0.28967416090967846,0.2651492136840799
89_1885,0.549743054056411,0.15433632703071795
89_1962,0.7159166380592898,0.527006344260799
89_1971,0.832084202331671,1.371085027211485
89_1993,0.5151134399503294,0.22484362680020642
89_2290,0.7534929779083862,0.5495736319794008
89_2494,0.457599924151888,0.4346999396976864
89_2539,0.7639197037568282,0.2315119514625258
89_2581,0.740413705488085,0.5152695732521655
89_2640,0.8420688754576309,0.5048512068365002
89_2707,0.4861285352467526,0.22176800019782275
89_2760,0.5746175677009921,0.5509381691972087
89_2826,0.7894746941340112,0.2805997771921268
91_1754,0.5230909649896516,0.5562094045885511
91_1993,0.1969883553584193,0.6878971858832224
92_1062,0.3657812851210077,0.23966653868759394
92_1109,0.7231664182276184,0.37169713030111234
92_1207,0.5176882772687048,0.5081065015993462
92_1727,0.6502184302381273,0.5261798685664023
92_1754,0.7212664639130604,0.35760582466479984
92_1778,0.4014866159514424,0.44206164035394446
92_1971,0.7379286361964655,0.569206275084789
92_1993,0.6176216422959747,0.5016335146768014
92_2290,0.7766147533875714,0.38931860445858946
92_2826,0.4672644626372212,0.5436337646385797
93_1062,0.41557665598748594,0.23488826996732287
93_1109,0.7525282091886467,0.21875610627979214
93_1207,0.4973314492570621,0.3440698548031171
93_1230,0.4114327559367682,0.38922700338645116
93_1558,0.6089215265421499,0.4685401480518399
93_1727,0.8612313564468482,0.2554583541530744
93_1754,0.735581070309744,0.31116040199822825
93_1778,0.436741192453001,0.3613203028969839
93_1878,0.5841963164007011,0.4687880079825041
93_1885,0.6387165996954454,0.20266246913507685
93_1962,0.7541591191125834,0.29994929220833844
93_1971,0.7881018600170652,0.4364625521861053
93_2290,0.7756995691886515,0.25185139940702306
93_2322,0.5425822919836572,0.3287687965386817
93_2581,0.6398063082178365,0.41331945999053654
93_2640,0.6929617034375721,0.27285127784672036
93_2707,0.47368271070708134,0.26170923365935855
93_2826,0.5121493223305349,0.321116064525152
94_1062,0.311989790886139,0.2667410246748074
94_1109,0.6730503800224044,0.3222548743047254
94_1207,0.5586623087125255,0.34450539474899755
94_1727,0.7501656354811052,0.3128765913179551
94_1754,0.655017858238091,0.3670178253003128
94_1778,0.3567169222026495,0.4447808480981078
94_1885,0.7238851946879703,0.2251405268199869
94_1962,0.7137228678399494,0.36213720769758545
94_1971,0.7104950403017165,0.4551549134037564
94_1993,0.5859042311840996,0.2339526073618616
94_2290,0.7081957385550086,0.27447066950218213
94_2322,0.5429623839859871,0.37690354257197706
94_2581,0.7071273958949251,0.39328811332567154
94_2707,0.5264607566781163,0.24418454139227175
94_2826,0.5088879384095195,0.3894038557549353
97_1062,0.5301623508105815,0.18857364196717513
97_1109,0.6291031621178631,0.2504572898352344
97_1207,0.6356794003524954,0.3254262389463131
97_1230,0.693000315950595,0.3207711596630454
97_1445,0.7545814932802478,0.667060729046181
97_1558,0.7482235106883568,0.35242193569223895
97_1727,0.8822665360248226,0.2600645511560777
97_1754,0.6810875116365034,0.36712634692507656
97_1778,0.501849322781853,0.2697474228201799
97_1878,0.6950978140925552,0.2649333031597229
97_1885,0.669639779519714,0.1901936898974895
97_1962,0.7516466922057511,0.3135449893603441
97_1971,0.8353223594060704,0.3945513218490105
97_1993,0.5051211004272779,0.2166593539603955
97_2290,0.8551219814139699,0.2476640980156386
97_2322,0.5464247792061095,0.35429362724491115
97_2539,0.6628463278741845,0.1971293463753367
97_2577,0.3170547068593489,0.4304492176207418
97_2581,0.6932831354979949,0.462054212314885
97_2640,0.685782315964875,0.28940952710161066
97_2707,0.5212128831777798,0.18188391309885624
97_2826,0.6802294319973725,0.26567392877096074
97_2867,0.7275934802309787,0.6519295438404401
99_1062,0.4789590540417695,0.24319735971328982
99_1109,0.7076036973568969,0.35424408606807
99_1207,0.7332828649763482,0.6711098726463477
99_1525,0.3986955031698508,0.415850033421314
99_1727,0.9317564564823504,0.31890747385652646
99_1754,0.7150067484022642,0.9296614615434572
99_1778,0.30667257874385734,0.3250286850050447
99_1885,0.4222680648757037,0.1531028450518133
99_1962,0.7452962590316536,0.8796215386610462
99_1971,0.8499794381703203,1.4814593517820587
99_1993,0.399691373626043,0.2076741698150979
99_2290,0.829671534613174,0.621988557525196
99_2539,0.61253268602938,0.29264125219075376
99_2577,0.650060454101179,0.39411727411621034
99_2581,0.7127721576201272,0.8135118920002673
99_2707,0.591709602417664,0.2569563721747969
99_2826,0.742098705368117,0.3873780722343685
101_1062,0.5581965803902501,0.25518789092584454
101_1109,0.6925071230533015,0.24395831542362062
101_1207,0.7342748878924568,0.49534814069615396
101_1727,0.7835153586176284,0.2804398356625326
101_1754,0.7598418810395183,0.5892610606669023
101_1778,0.3884288844611621,0.3081559925559621
101_1885,0.47375366775981764,0.1834093183389363
101_1962,0.727880435032398,0.5780554163501549
101_1971,0.8269557513340664,0.6134343304524956
101_1993,0.6077317457016224,0.23627622016105196
101_2290,0.7332045735516641,0.5105791799560753
101_2539,0.5207939096186349,0.3936165495292787
101_2581,0.6988465705956217,0.5268703706453811
101_2707,0.3057258511724814,0.33168887736123176
101_2826,0.4417619575331526,0.3098927980732929
102_1062,0.3501960677988827,0.2590662470087221
102_1109,0.6360479968978019,0.509729470295547
102_1230,0.5160709277695941,0.3820546905797337
102_1727,0.8493068427512127,0.26504278715051904
102_1754,0.6701720025178041,0.835762115579687
102_1778,0.42635893010735426,0.3057053373495652
102_1885,0.7641266609211247,0.3676882448048734
102_1971,0.7116698593882538,1.2890260872080266
102_1993,0.7163958263215171,0.26431736259309047
102_2290,0.7591352633229582,0.459456963235851
102_2707,0.41835582827353124,0.30173634950035844
102_2826,0.7129477596675708,0.48776939796119867
104_1062,0.4302199985577523,0.22156979195543275
104_1109,0.8160201994129181,0.24586338853813872
104_1198,0.6548244501998248,0.2260142605436818
104_1311,0.36465758466988807,0.25918716220927807
104_1727,0.6227759682267554,0.4547633529861095
104_1754,0.7645404615998018,0.8356071788131367
104_1778,0.36444973590597374,0.2885926998313886
104_1803,0.5206303653296256,0.20306098648294696
104_1885,0.6305116594288729,0.14462328089281512
104_1962,0.804150773588931,0.39586562169727485
104_1993,0.4365789050572009,0.1951957524450873
104_2290,0.754161110815153,0.48087818898045204
104_2322,0.7121646972591996,0.5564143176720812
104_2539,0.6553643539367626,0.3559229045095477
104_2707,0.6407931412691101,0.2120412011611945
104_2826,0.711701351616581,0.29418568548824475
106_1062,0.3470426493775226,0.21191055839307923
106_1109,0.6837156401772897,0.27030975018312225
106_1207,0.6423802124441615,0.22801789130098274
106_1230,0.6536240328867922,0.3071519258899429
106_1727,0.7826943399605988,0.36875765705210256
106_1754,0.7383847856412071,0.28923831624165613
106_1778,0.4496066772275794,0.3408948067049911
106_1878,0.714852354262359,0.27607005208420543
106_1885,0.5813789422501445,0.18324063641506708
106_1962,0.740274292079601,0.35738256041778194
106_1971,0.7875854853739614,0.33904341321288284
106_1993,0.6383675357264182,0.22173380004036114
106_2290,0.9080287543655925,0.21200558506863132
106_2322,0.6580834531210509,0.241385641027635
106_2539,0.6032329150477629,0.2864601718274422
106_2581,0.7079531680830549,0.38877105576135473
106_2640,0.6155276532732574,0.3053155344569126
106_2707,0.568482534838314,0.20783155938734557
106_2760,0.3524753334393782,0.4913638071395659
106_2826,0.5488844228474961,0.2535980053455047
108_1062,0.5062177975204863,0.22770850858051941
108_1109,0.7910646338234368,0.22316968691168979
108_1311,0.4009587808200087,0.35608132094821915
108_1558,0.688289342698511,0.6084432120285979
108_1727,0.8002955806687466,0.37094623845031865
108_1754,0.7735345269570308,0.4531141074194064
108_1778,0.37162212135568007,0.27095423224205795
108_1878,0.6969673325665438,0.2759180887737563
108_1885,0.6173754147724944,0.1431458066698773
108_1962,0.7935440016860645,0.3125724596793272
108_1971,0.8270340183676336,0.4797922944901039
108_1993,0.5470685274369324,0.1785406722150332
108_2290,0.745371192662481,0.28970936591996493
108_2539,0.5856380998558739,0.2546642423453942
108_2577,0.5642320014864235,0.22760301284645176
108_2581,0.6744950989218794,0.5175215700636607
108_2640,0.7831747302334218,0.22154486352252464
108_2707,0.39365556222150677,0.23296846586901204
108_2760,0.5130391738009566,0.3873611278857065
108_2826,0.7463898828239208,0.24403337127587674
109_1062,0.4776796803038804,0.23037451393088226
109_1109,0.805381928257588,0.2448074153134937
109_1311,0.6014133731132745,0.2207497003039295
109_1727,0.8209292358980222,0.36736248814775974
109_1754,0.7709633901123643,0.5255765857402505
109_1778,0.28487319250477405,0.3824866121681125
109_1803,0.5983114214355183,0.2745489162839385
109_1878,0.7146786690921,0.4973530393354489
109_1885,0.524952416131653,0.15641805938140108
109_1962,0.7188531057413292,0.4649120373926629
109_1993,0.499332807651934,0.19217855930335367
109_2290,0.7912355584178404,0.4410568157745741
109_2322,0.7298743594268515,0.6357986691532631
109_2581,0.7670298763542522,0.4942060392937343
109_2640,0.7229079566937715,0.40518286353970373
109_2707,0.49799702888970365,0.24093619931554938
109_2826,0.7804453224265906,0.21927023190218672
110_1062,0.4853124445289426,0.1914584207625966
110_1109,0.6180657431293433,0.40451427075046814
110_1207,0.6784068275099853,0.3071618276702411
110_1230,0.5483861029808692,0.25894104904924903
110_1727,0.8578064704979554,0.3120504428555372
110_1754,0.6833808078504799,0.7004119521605621
110_1778,0.2743763812081539,0.27811452472719767
110_1878,0.6893416673015753,0.30225850308390995
110_1885,0.7061183047108561,0.186261668856123
110_1962,0.7822721339529196,0.4334430511152702
110_1971,0.6691623649291571,0.730686141193747
110_1993,0.6912890054725453,0.17395178640550282
110_2290,0.8256374503536438,0.2836273306697189
110_2322,0.548620284413138,0.28440118192029273
110_2539,0.7558980612170885,0.3740769944476526
110_2581,0.69126436649194,0.48603921029816527
110_2640,0.6856925039308469,0.28855227704374575
110_2707,0.4826325640184581,0.22019452994560768
110_2826,0.6866642454673193,0.2945576336407032
113_1062,0.5977653988487939,0.21386075554272893
113_1109,0.6746212033573159,0.29964862715135443
113_1727,0.6975399624366739,0.41408160049370657
113_1754,0.746071318489441,0.3758412186072255
113_1778,0.6054242655602606,0.22886686054569447
113_1885,0.5995293174595072,0.32752969350339795
113_1962,0.7422025234980751,0.4705139158618927
113_1971,0.8241270405273828,0.6424115971556749
113_1993,0.5609153910544855,0.3907866496974035
113_2290,0.670523638473879,0.5141602283546158
113_2631,0.6444974063516755,0.511855444514799
113_2707,0.29657439774591,0.2582420156964875
113_2826,0.6782021209284221,0.4299753376145454
124_1062,0.4195702875662817,0.3670172372279859
124_1109,0.7145220558951291,0.2691958363409506
124_1558,0.6777396676094722,0.6189463080955578
124_1727,0.8344427772947803,0.2864407565033035
124_1754,0.7139933859123988,1.0105291807471881
124_1778,0.27524133242207915,0.6330055612110375
124_1885,0.4575961762634948,0.23585396418528012
124_1962,0.5875912636456282,0.6692078683997571
124_1971,0.85649089178984,1.2034713090547937
124_1993,0.1919483340667707,0.25191515356568644
124_2290,0.6521717439650568,0.742860075871009
124_2539,0.48442684305185146,0.4093555450685496
124_2707,0.3830596031179413,0.3641212957277475
124_2826,0.5380056673573967,0.38293695456391047
126_1062,0.37830735960415307,0.21139483463513278
126_1109,0.7616517168771961,0.315575733804581
126_1198,0.3742895253050076,0.2596750341138279
126_1311,0.5052577745097527,0.20548630220207678
126_1558,0.7775506167329724,0.5202074909909054
126_1727,0.8897177695768101,0.31896714684628574
126_1754,0.6467999069816762,0.9188221001892865
126_1778,0.38728554433959284,0.2629679595410233
126_1803,0.6010644494570214,0.19625243560252342
126_1885,0.539577376836242,0.1429204555774267
126_1962,0.7797567061295944,0.4043200143598532
126_1993,0.46275850875123814,0.17786195609561506
126_2290,0.8403851305215971,0.34887153018489014
126_2539,0.7928225560892302,0.23668860666567684
126_2707,0.42228898438585316,0.2165321843399681
126_2760,0.8397814433078694,0.3352054354388533
126_2826,0.6946591850267094,0.2916653648173788
129_1062,0.44697360197330216,0.22033775916857445
129_1109,0.6622717769720322,0.3106704605866405
129_1207,0.11527373294753895,0.5197559088981081
129_1230,0.24635438414809507,0.651460674927862
129_1727,0.8880002187763247,0.3283618266321156
129_1754,0.7652490075965576,0.41004694049838203
129_1778,0.4002200207448907,0.3120961362239656
129_1878,0.6469672539067377,0.3369027781425994
129_1885,0.6074806610270993,0.17891241441864122
129_1962,0.7514953577596517,0.3971316495234596
129_1971,0.7858275086146087,0.61886356376472
129_1993,0.66661073829185,0.1723040454235838
129_2290,0.7743804424358152,0.3736807658318035
129_2322,0.25184361293119195,0.42686278256247534
129_2539,0.5730354506539375,0.27603979431718106
129_2704,0.5866957804820222,0.3077810492044487
129_2707,0.5448022646331723,0.22109030679312808
129_2760,0.6188095573172181,0.5124921547492802
129_2826,0.7450242181122287,0.35086884236037097
132_1062,0.2721263301745479,0.22990117576668168
132_1109,0.7865368689930792,0.23516786581288654
132_1727,0.906858592726783,0.3867938868302382
132_1754,0.667118026156198,0.6021922239001246
132_1778,0.27838661180703095,0.35137193495081814
132_1878,0.7506305510667379,0.39414792002467786
132_1885,0.477716460627584,0.1391651741634463
132_1962,0.7424376227637315,0.36702884691663173
132_1993,0.6264448969244418,0.19288794430852896
132_2290,0.7280278889175407,0.4671819008413138
132_2322,0.6403659487383424,0.5788755599216684
132_2539,0.661874340841367,0.31350840257473805
132_2577,0.3086781902742304,0.3021937227836875
132_2581,0.737816705664503,0.5664413374141153
132_2640,0.8015067781748371,0.32798650677441665
132_2707,0.46642567422579073,0.22724521908972412
132_2826,0.7855109744104294,0.2648648427108715
137_1062,0.40708059583253053,0.18536814697412712
137_1109,0.8335054680490438,0.22325834143512904
137_1311,0.5714527138159762,0.212750987371034
137_1543,0.5064243710142964,0.6573283790634296
137_1727,0.8866912130758922,0.31743054989015906
137_1754,0.8558314051223624,0.41917058238784205
137_1778,0.369298087632135,0.2893282520215405
137_1803,0.45821383763367796,0.2501587029572058
137_1885,0.6235687857458221,0.1309338896050891
137_1962,0.7709042773303346,0.3645487142418209
137_1971,0.7128035777749298,1.312214231941311
137_1993,0.6245511601530853,0.16913114754590697
137_2290,0.8566883762969174,0.32617912475505734
137_2322,0.7358095582093478,0.5405609658128028
137_2539,0.6262851915234899,0.19184950580290505
137_2577,0.5248142762759567,0.2925970343414973
137_2581,0.734444269100234,0.5290910731804319
137_2640,0.7850890141507831,0.19847033949473206
137_2707,0.5849887161606477,0.2116153385696153
137_2760,0.6689208471714727,0.35001934788987266
137_2826,0.766325479397494,0.2998366641571771
139_1062,0.2606861847309341,0.2920099934028145
139_1727,0.5847260009927164,0.45733723021824074
139_1754,0.6804322295987452,0.4705623290678998
139_1778,0.35871251916616786,0.4418116906658113
139_1885,0.6655825700431481,0.30316093394062094
139_1971,0.7040749201398255,0.6361404242205169
139_1993,0.7742152135640248,0.5033933057317526
139_2290,0.7206538208636141,0.436805254448007
139_2826,0.3727220618387145,0.4670995292074232
143_1062,0.2491458574405574,0.4475947505625858
143_1109,0.5904922801081418,0.269450955626507
143_1727,0.876935355768854,0.23934056345472057
143_1754,0.6087924443065762,0.4165820874769844
143_1878,0.6055756763270315,0.21100104283392057
143_1885,0.6660066504012283,0.22513855505231592
143_1962,0.6022277793083595,0.44481514086960616
143_1971,0.5684737142423947,0.49681536860319664
143_1993,0.6660284852427475,0.2776788023262878
143_2290,0.8217016355295736,0.21579949519533959
143_2577,0.2609674920926872,0.3273145824445615
143_2581,0.584170745483974,0.6158133760302374
143_2640,0.7146040808160823,0.2530386777182934
143_2707,0.3016755411398768,0.2795481465849872
143_2760,0.5467789239781295,0.36103421441319966
143_2826,0.6906334835627435,0.241717736373376
145_1062,0.33722180401623025,0.20433590170685245
145_1109,0.6418059922246927,0.34653741958477674
145_1207,0.601507716672748,0.27499646008340756
145_1230,0.6264705703310258,0.2764086225235501
145_1558,0.7540554726483926,0.4929996417437737
145_1727,0.825058001070246,0.2680208658995851
145_1754,0.812315081546116,0.5359900755484773
145_1778,0.40050395209785816,0.3018290201035948
145_1885,0.7188785691882438,0.22512156097440852
145_1962,0.7107192954089762,0.4014913882848417
145_1971,0.8192719969353772,0.6145172629521144
145_1993,0.4179641575399421,0.2951195844423167
145_2290,0.7904874433681186,0.3186754158804233
145_2322,0.5947913506886064,0.26607235087184433
145_2539,0.6216409308864084,0.2753473821095973
145_2581,0.7194049608697546,0.3728185109564585
145_2640,0.664095266965705,0.2717900213717563
145_2707,0.6563519517032605,0.1801191615767515
145_2826,0.7435239483389173,0.29677058895397745
146_1062,0.6084674142714899,0.19350417866237402
146_1109,0.7537761392344793,0.18117724652599948
146_1207,0.516819207179285,0.45070834372061563
146_1525,0.3983221802977118,0.24182709217074377
146_1558,0.6193271943781068,0.4212328911221717
146_1727,0.8859664128540073,0.17754280291000094
146_1754,0.3976629332922711,0.4428672430109808
146_1778,0.6330008925686782,0.3433224139425984
146_1878,0.6010154276279736,0.15741424354904435
146_1962,0.7150003012875322,0.28383960845403167
146_1971,0.4169751024420023,0.6587630420814359
146_1993,0.46598183556132633,0.2598403167054023
146_2290,0.8025960664439731,0.19269286465552876
146_2492,0.6426623874493526,0.41694344164409347
146_2539,0.5620149168122428,0.21474194925524212
146_2577,0.6911975749458643,0.21671472398579525
146_2581,0.7291753465422035,0.3099566986619566
146_2640,0.6471826121388307,0.16251892402433912
146_2704,0.4280316289823819,0.19195806582156336
146_2707,0.4476228361098371,0.18341311587244616
146_2760,0.5657470435345913,0.24439732761059244
146_2826,0.7589518269545402,0.2018426639621029
149_1062,0.46667219287605866,0.26310938420102314
149_1109,0.6697641688672238,0.38118703666738735
149_1230,0.2721461253268447,0.5831559259216137
149_1727,0.8034343983511241,0.4538219995784406
149_1754,0.772211956672022,0.5132385294166234
149_1778,0.47915653847671746,0.3472784168739847
149_1962,0.6065916840659562,0.5774323677025032
149_2290,0.7379552050834015,0.4494758918622388
149_2631,0.616835007562347,0.42370229553269523
149_2707,0.45585111257472133,0.3306905843891653
149_2826,0.6153658026861222,0.4541944588466014
152_1062,0.526957977610679,0.28400531605597523
152_1109,0.6871800239955727,0.20294915252074872
152_1727,0.8765271338337656,0.23487067671168693
152_1754,0.5895069797612539,0.3281660385650992
152_1878,0.5265281165393162,0.24528179304850314
152_1885,0.4841076083986874,0.25040904239284745
152_1962,0.6645650466978332,0.34524360823023287
152_1971,0.6662480137836531,0.49509269497497116
152_1993,0.5070966459466376,0.34645779118426506
152_2290,0.7468331424206472,0.3156315273551309
152_2577,0.45254607305453487,0.3379964527540458
152_2581,0.6383237644296249,0.41441838376636436
152_2640,0.6331685906165473,0.21410578207256065
152_2707,0.2887644696465871,0.2624886988224744
152_2826,0.6642109398415955,0.26663909445227046
153_1062,0.20855021526682294,0.3027996614255834
153_1109,0.7151945118270471,0.2539629300801272
153_1311,0.2650851241986898,0.4175678671095774
153_1525,0.36711716529016547,0.4000556321131418
153_1727,0.8294155457101043,0.2594640388245472
153_1754,0.7470096409110225,0.48998824314703654
153_1778,0.23864318501604587,0.33065179487744734
153_1803,0.46929917980353664,0.28054361510776876
153_1885,0.5755671706201282,0.1917684636762242
153_1962,0.6869321373285624,0.43418609250965245
153_1971,0.8757521180825851,0.6327789524524388
153_1993,0.5022374527965101,0.23379633091837912
153_2290,0.8222377254392463,0.2969752502446217
153_2539,0.7340671245301164,0.36311378296646013
153_2577,0.599270193683199,0.4430766990346557
153_2581,0.6375774221048592,0.5635292136115064
153_2707,0.3713716777684464,0.24848641445348832
153_2760,0.5476664457801332,0.6761087200448768
153_2826,0.8197296699727635,0.2897392598494319
157_1062,0.3213062413013642,0.2149691016713871
157_1109,0.7093400820694207,0.31104383060256585
157_1207,0.5547057832934632,0.39124120349684194
157_1230,0.5574465460780169,0.5143304864732172
157_1558,0.6810174153611264,0.40752080400931184
157_1727,0.7366507517568242,0.37996355964324124
157_1754,0.6994236953130994,0.3649510705689465
157_1778,0.35687863905151407,0.41663924723042395
157_1878,0.5718579034281284,0.3215190889045648
157_1885,0.7018546066419911,0.5492948876830339
157_1962,0.626385315501545,0.3727121151099685
157_1971,0.7308990827035566,0.4618026210094155
157_1993,0.6468730198042211,0.26931575745649383
157_2290,0.7552198550726639,0.32775881383323513
157_2322,0.464620819293006,0.4872927523256788
157_2539,0.6659017890840717,0.49542349409901565
157_2581,0.695575955387479,0.3731348668850895
157_2640,0.4721936703425371,0.3159596496922547
157_2707,0.33167888175096427,0.250666938408772
161_1109,0.6816749424785622,0.27952290676242536
161_1525,0.5379696034231998,0.41876784964594405
161_1727,0.850913343457887,0.39284803502136045
161_1754,0.7206105366184609,0.3176364635125533
161_1778,0.1792732326911085,0.5104762077823745
161_1878,0.5951333075300236,0.2650301508056964
161_1885,0.524681375182334,0.21435837362087132
161_1962,0.5368178897608504,0.43476235800911445
161_1971,0.7531042377807199,0.45896898649048373
161_1993,0.5519098723359207,0.20581236680362996
161_2290,0.8119245202246012,0.2870223454832982
161_2640,0.5599109948215144,0.23949980554224531
161_2707,0.39628143274718197,0.335942718896079
161_2826,0.5517086898181001,0.29414495861138706
162_1062,0.300315713459812,0.36158036693868206
162_1754,0.6989972865554939,0.3469027120766815
162_1962,0.608401672181439,0.5553587280349152
162_1971,0.7873609553703824,0.3793831581966022
162_2290,0.7678811250067483,0.3117852155507129
162_2826,0.3077180375505516,0.7260686386845642
174_1062,0.4823132612748896,0.19197945383979764
174_1109,0.783753300614894,0.22097329760951093
174_1438,0.49924584558014085,0.3165677786757628
174_1558,0.7604263396765107,0.5852253070622954
174_1727,0.7629709333208468,0.41039676807128783
174_1754,0.7861064509597389,0.42956020880477064
174_1778,0.3822073320949496,0.2556566533712541
174_1878,0.6503938838803829,0.3185673231268122
174_1885,0.3482548467722816,0.13544082692319867
174_1962,0.8232076669081638,0.2961116138968593
174_1971,0.8449172121589703,0.6202034659138852
174_1993,0.7271721845304322,0.16183899821643505
174_2290,0.8317657808306268,0.29773942886934995
174_2494,0.34206596780096055,0.3750956140993625
174_2539,0.4809103676570623,0.24693429822755314
174_2577,0.4412883692035512,0.3512898011619948
174_2581,0.7769264882462509,0.3628198786748777
174_2631,0.556161870574658,0.4000991473042748
174_2640,0.7447087986908966,0.27274609566528446
174_2707,0.5192874152640784,0.21292355059500181
174_2760,0.6220546222949864,0.44493373804784964
174_2826,0.8070209267917696,0.22342781859286115
177_1062,0.37947533940661715,0.20946122749867055
177_1109,0.616579781017653,0.40001005056943
177_1230,0.5971816017701106,0.3604043579212412
177_1727,0.771862039186008,0.3833974938059121
177_1754,0.7565976679345918,0.5380040574553114
177_1778,0.3879563480062572,0.3921726578422582
177_1878,0.4481419354219598,0.37943374483901937
177_1885,0.8281946536410414,0.2376989473923953
177_1971,0.79834772935473,0.7014512069582207
177_2290,0.8371494218578076,0.3130624886930145
177_2322,0.6643428151286332,0.3621298854821898
177_2539,0.556969082404378,0.4174721806555362
177_2707,0.5741920124475779,0.22873610576901263
177_2826,0.6512383337936398,0.36118340547619604
186_1062,0.39518251443455565,0.23252014772383703
186_1109,0.6713110288543782,0.31024967295348094
186_1207,0.532674880909106,0.42520075292579373
186_1727,0.7768220607525043,0.46714344900246335
186_1754,0.7406774210625057,0.28956861649145915
186_1778,0.33988447357242635,0.4922214103076979
186_1885,0.6304268705891429,0.22701149692804382
186_1962,0.7355200699047717,0.43125611571442096
186_1971,0.7203068368730768,0.45097647884169484
186_1993,0.5137450938245957,0.3628355515273316
186_2290,0.7567436517999098,0.30789836331120307
186_2640,0.46687375109224805,0.3148362104555439
186_2707,0.3831146226129538,0.2952885252544415
